1,Aberdeen
2,Airway Heights
3,Algona
4,Allyn
5,Amboy
6,Anacortes
7,Anderson Island
8,Ariel
9,Arlington
10,Asotin
11,Auburn
12,Austin
13,Bainbridge Island
14,Baring
15,Battle Ground
16,Beaux Arts
17,Belfair
18,Bellevue
19,Bellingham
20,Benton City
21,Bingen
22,Black Diamond
23,Blaine
24,Bonney Lake
25,Bothell
26,Bow
27,Bremerton
28,Brewster
29,Bridgeport Bar
30,Brier
31,Brinnon
32,Brush Prairie
33,Buckley
34,Bucoda
35,Burbank
36,Burien
37,Burlington
38,Camano Island
39,Camas
40,Carbonado
41,Carnation
42,Carson
43,Cashmere
44,Castle Rock
45,Cathlamet
46,Centralia
47,Chattaroy
48,Chehalis
49,Chelan
50,Cheney
51,Chewelah
52,Chimacum
53,Cinebar
54,Clallam Bay
55,Clarkston
56,Clayton
57,Cle Elum
58,Clinton
59,Clyde Hill
60,Colbert
61,College Place
62,Colton
63,Colville
64,Concrete
65,Connell
66,Cosmopolis
67,Coulee City
68,Coulee Dam
69,Coupeville
70,Covington
71,Cowiche
72,Curlew
73,Curtis
74,Cusick
75,Custer
76,Dallesport
77,Darrington
78,Davenport
79,Dayton
80,Deer Park
81,Deming
82,Des Moines
83,Dupont
84,Duvall
85,East Wenatchee
86,Easton
87,Eastsound
88,Eatonville
89,Edgewood
90,Edmonds
91,Elbe
92,Elk
93,Ellensburg
94,Elma
95,Eltopia
96,Entiat
97,Enumclaw
98,Ephrata
99,Evans
100,Everett
101,Everson
102,Fall City
103,Federal Way
104,Ferndale
105,Fife
106,Fircrest
107,Forks
108,Fox Island
109,Fredericksburg
110,Freeland
111,Friday Harbor
112,Gig Harbor
113,Gold Bar
114,Goldendale
115,Graham
116,Grand Coulee
117,Grandview
118,Granger
119,Granite Falls
120,Grapeview
121,Grayland
122,Greenacres
123,Greenbank
124,Hansville
125,Holden Village
126,Hoodsport
127,Hoquiam
128,Hunters
129,Hunts Point
130,Husum
131,Ilwaco
132,Index
133,Indianola
134,Issaquah
135,Joint Base Lewis Mcchord
136,Kalama
137,Kapowsin
138,Kelso
139,Kenmore
140,Kennewick
141,Kent
142,Kettle Falls
143,Keyport
144,Kingston
145,Kirkland
146,Kittitas
147,La Center
148,La Conner
149,Lacey
150,Lake Forest Park
151,Lake Stevens
152,Lake Tapps
153,Lakebay
154,Lakewood
155,Langley
156,Leavenworth
157,Liberty Lake
158,Lilliwaup
159,Long Beach
160,Longbranch
161,Longview
162,Loon Lake
163,Lopez Island
164,Lyle
165,Lynden
166,Lynnwood
167,Mabton
168,Malaga
169,Mansfield
170,Manson
171,Maple Falls
172,Maple Valley
173,Maryhill
174,Marysville
175,Mattawa
176,Mazama
177,McCleary
178,Mccleary
179,Mead
180,Medical Lake
181,Medina
182,Mercer Island
183,Mesa
184,Mica
185,Mill Creek
186,Milton
187,Mineral
188,Monroe
189,Montesano
190,Morton
191,Moses Lake
192,Mossyrock
193,Mount Vernon
194,Mountlake Terrace
195,Moxee
196,Mukilteo
197,Naches
198,Nahcotta
199,Napavine
200,Naselle
201,Neah Bay
202,Newcastle
203,Newman Lake
204,Newport
205,Nine Mile Falls
206,Nordland
207,Normandy Park
208,North Bend
209,North Bonneville
210,Oak Harbor
211,Oakville
212,Ocean Park
213,Ocean Shores
214,Odessa
215,Okanogan
216,Olalla
217,Olga
218,Olympia
219,Omak
220,Onalaska
221,Orondo
222,Oroville
223,Orting
224,Othello
225,Otis Orchards
226,Outlook
227,Pacific
228,Pacific Beach
229,Packwood
230,Palouse
231,Parker
232,Parkland
233,Pasco
234,Pateros
235,Peshastin
236,Point Roberts
237,Pomeroy
238,Port Angeles
239,Port Hadlock
240,Port Ludlow
241,Port Orchard
242,Port Townsend
243,Poulsbo
244,Preston
245,Prosser
246,Pullman
247,Puyallup
248,Quilcene
249,Quincy
250,Rainier
251,Ravensdale
252,Raymond
253,Redmond
254,Renton
255,Republic
256,Richland
257,Ridgefield
258,Ritzville
259,Riverside
260,Rochester
261,Rock Island
262,Rockford
263,Ronald
264,Rosalia
265,Roslyn
266,Roy
267,Royal City
268,Ruston
269,Ryderwood
270,Saint Jacob
271,Sammamish
272,San Diego
273,Satsop
274,Seabeck
275,Seatac
276,Seattle
277,Sedro Woolley
278,Sedro-Woolley
279,Selah
280,Sequim
281,Shaw Island
282,Shelton
283,Shoreline
284,Silverdale
285,Silverlake
286,Skamokawa
287,Skykomish
288,Snohomish
289,Snoqualmie
290,Snoqualmie Pass
291,Soap Lake
292,South Bend
293,South Hill
294,Spanaway
295,Spangle
296,Spokane
297,Spokane Valley
298,Sprague
299,Springdale
300,Stanwood
301,Steilacoom
302,Stevenson
303,Sultan
304,Sumner
305,Sunnyside
306,Suquamish
307,Surfside
308,Tacoma
309,Taholah
310,Tahuya
311,Tekoa
312,Tenino
313,Tieton
314,Toledo
315,Tonasket
316,Toppenish
317,Toutle
318,Trout Lake
319,Tukwila
320,Tulalip
321,Tumwater
322,Twisp
323,Underwood
324,Union
325,Union Gap
326,University Place
327,Usk
328,Vader
329,Valleyford
330,Vancouver
331,Vashon
332,Vaughn
333,Veradale
334,Waitsburg
335,Walla Walla
336,Wapato
337,Warden
338,Washougal
339,Waterville
340,Waverly
341,Wenatchee
342,West Richland
343,Westport
344,White Salmon
345,Wilkeson
346,Winlock
347,Winthrop
348,Woodinville
349,Woodland
350,Woodway
351,Yacolt
352,Yakima
353,Yarrow Point
354,Yelm
355,Zillah
